{
  "project_info": {
    "project_number": "220188271090",
    "project_id": "foodapp-4de28",
    "storage_bucket": "foodapp-4de28.appspot.com"
  },
  "client": [
    {
      "client_info": {
        "mobilesdk_app_id": "1:220188271090:android:dd70a8d1644fcf2b148b6b",
        "android_client_info": {
          "package_name": "food.app"
        }
      },
      "oauth_client": [],
      "api_key": [
        {
          "current_key": "AIzaSyCOZtpZ8MuZgYJu-SGqn5Dzfc9YC2SdYZs"
        }
      ],
      "services": {
        "appinvite_service": {
          "other_platform_oauth_client": []
        }
      }
    }
  ],
  "configuration_version": "1"
}